{
    "root_name": "pelvis",
    "ground_height": 0.06,
    "scale": 1.0,
    "ik_match_table": {
        "pelvis": [
            "Hips",
            0,
            10,
            [
                0.0,
                0.0,
                0.0
            ],
            [
                0.70710678,
                0.0,
                0.0,
                0.70710678
            ]
        ],
        "left_hip_yaw_link": [
            "LeftUpLeg",
            0,
            10,
            [
                0.0,
                0.0,
                0.0
            ],
            [
                0.70710678,
                0.0,
                0.0,
                0.70710678
            ]
        ],
        "left_knee_link": [
            "LeftLeg",
            0,
            10,
            [
                0.0,
                0.0,
                0.0
            ],
            [
                0.70710678,
                0.0,
                0.0,
                0.70710678
            ]
        ],
        "left_ankle_roll_link": [
            "LeftFootMod",
            100,
            10,
            [
                0.0,
                0.0,
                0.0
            ],
            [
                0.70710678,
                0.0,
                0.0,
                0.70710678
            ]
        ],
        "right_hip_yaw_link": [
            "RightUpLeg",
            0,
            10,
            [
                0.0,
                0.0,
                0.0
            ],
            [
                0.70710678,
                0.0,
                0.0,
                0.70710678
            ]
        ],
        "right_knee_link": [
            "RightLeg",
            0,
            10,
            [
                0.0,
                0.0,
                0.0
            ],
            [
                0.70710678,
                0.0,
                0.0,
                0.70710678
            ]
        ],
        "right_ankle_roll_link": [
            "RightFootMod",
            100,
            10,
            [
                0.0,
                0.0,
                0.0
            ],
            [
                0.70710678,
                0.0,
                0.0,
                0.70710678
            ]
        ],
        "torso_link": [
            "Spine2",
            0,
            10,
            [
                0.0,
                0.0,
                0.0
            ],
            [
                0.70710678,
                0.0,
                0.0,
                0.70710678
            ]
        ],
        "left_shoulder_yaw_link": [
            "LeftArm",
            0,
            10,
            [
                0.0,
                0.0,
                0.0
            ],
            [
                0.0,
                0.70710678,
                0.70710678,
                0.0
            ]
        ],
        "left_elbow_link": [
            "LeftForeArm",
            0,
            10,
            [
                0.0,
                0.0,
                0.0
            ],
            [
                0.5,
                -0.5,
                -0.5,
                -0.5
            ]
        ],
        "left_wrist_yaw_link": [
            "LeftHand",
            0,
            1,
            [
                0.0,
                0.0,
                0.0
            ],
            [
                0.5,
                -0.5,
                -0.5,
                -0.5
            ]
        ],
        "right_shoulder_yaw_link": [
            "RightArm",
            0,
            10,
            [
                0.0,
                0.0,
                0.0
            ],
            [
                0.0,
                0.70710678,
                0.70710678,
                0.0
            ]
        ],
        "right_elbow_link": [
            "RightForeArm",
            0,
            10,
            [
                0.0,
                0.0,
                0.0
            ],
            [
                0.5,
                -0.5,
                -0.5,
                -0.5
            ]
        ],
        "right_wrist_yaw_link": [
            "RightHand",
            0,
            1,
            [
                0.0,
                0.0,
                0.0
            ],
            [
                0.5,
                -0.5,
                -0.5,
                -0.5
            ]
        ]
    }
}