{
    "waist_act_1": {
        "motor": "XC330",
        "init_pos": 4.933282375335693,
        "default_pos": 0
    },
    "waist_act_2": {
        "motor": "XC330",
        "init_pos": 1.006291389465332,
        "default_pos": 0
    },
    "left_hip_yaw_drive": {
        "motor": "XC330",
        "init_pos": 5.5898261070251465,
        "default_pos": 0,
        "gear_ratio": 1.105263157894737
    },
    "left_hip_roll": {
        "motor": "2XC430",
        "init_pos": 3.141592653589793,
        "default_pos": 0
    },
    "left_hip_pitch": {
        "motor": "2XC430",
        "init_pos": 3.141592653589793,
        "default_pos": -0.2672678
    },
    "left_knee_act": {
        "motor": "XM430",
        "init_pos": 0.38196122646331787,
        "default_pos": 0.523599
    },
    "left_ank_act_1": {
        "motor": "XC330",
        "init_pos": 2.2581069862302634,
        "default_pos": -0.253132
    },
    "left_ank_act_2": {
        "motor": "XC330",
        "init_pos": 5.5606189968539335,
        "default_pos": 0.256023
    },
    "right_hip_yaw_drive": {
        "motor": "XC330",
        "init_pos": 1.9650293588638306,
        "default_pos": 0,
        "gear_ratio": 1.105263157894737
    },
    "right_hip_roll": {
        "motor": "2XC430",
        "init_pos": 3.141592653589793,
        "default_pos": 0
    },
    "right_hip_pitch": {
        "motor": "2XC430",
        "init_pos": 3.141592653589793,
        "default_pos": 0.2672678
    },
    "right_knee_act": {
        "motor": "XM430",
        "init_pos": 1.656699299812317,
        "default_pos": -0.523599
    },
    "right_ank_act_1": {
        "motor": "XC330",
        "init_pos": 2.4160592835357506,
        "default_pos": 0.253132
    },
    "right_ank_act_2": {
        "motor": "XC330",
        "init_pos": 4.78900893454724,
        "default_pos": -0.256023
    }
}