{
    "neck_yaw_drive": {
        "motor": "XC330",
        "init_pos": 0.4832039475440979,
        "default_pos": 0,
        "gear_ratio": 0.7222222222222222,
        "kp": 1500.0,
        "ki": 0.0,
        "kd": 0.0,
        "kff1": 0.0,
        "kff2": 0.0
    },
    "neck_pitch_drive": {
        "motor": "XC330",
        "init_pos": 3.2781169414520264,
        "default_pos": 0,
        "gear_ratio": 0.9090909090909091,
        "kp": 1500.0,
        "ki": 0.0,
        "kd": 0.0,
        "kff1": 0.0,
        "kff2": 0.0
    },
    "waist_act_1": {
        "motor": "XC330",
        "init_pos": 3.6907577514648438,
        "default_pos": 0,
        "kp": 1500.0,
        "ki": 0.0,
        "kd": 0.0,
        "kff1": 0.0,
        "kff2": 0.0
    },
    "waist_act_2": {
        "motor": "XC330",
        "init_pos": 2.460505247116089,
        "default_pos": 0,
        "kp": 1500.0,
        "ki": 0.0,
        "kd": 0.0,
        "kff1": 0.0,
        "kff2": 0.0
    },
    "left_hip_yaw_drive": {
        "motor": "XC330",
        "init_pos": 4.147883892059326,
        "default_pos": 0,
        "gear_ratio": 0.9047619047619047,
        "kp": 1500.0,
        "ki": 0.0,
        "kd": 0.0,
        "kff1": 0.0,
        "kff2": 0.0
    },
    "left_hip_roll": {
        "motor": "2XC430",
        "init_pos": 4.693981170654297,
        "default_pos": 0,
        "kp": 2100.0,
        "ki": 0.0,
        "kd": 0.0,
        "kff1": 0.0,
        "kff2": 0.0
    },
    "left_hip_pitch": {
        "motor": "2XC430",
        "init_pos": 3.055017590522766,
        "default_pos": -0.2672678,
        "kp": 2100.0,
        "ki": 0.0,
        "kd": 0.0,
        "kff1": 0.0,
        "kff2": 0.0
    },
    "left_knee_act": {
        "motor": "XM430",
        "init_pos": 3.3725515604019165,
        "default_pos": 0.523599,
        "kp": 2700.0,
        "ki": 0.0,
        "kd": 160.0,
        "kff1": 0.0,
        "kff2": 0.0
    },
    "left_ank_roll": {
        "motor": "XC430",
        "init_pos": 6.284719467163086,
        "default_pos": 0.0,
        "kp": 2100.0,
        "ki": 0.0,
        "kd": 0.0,
        "kff1": 0.0,
        "kff2": 0.0
    },
    "left_ank_pitch": {
        "motor": "XC430",
        "init_pos": 1.5066034495830536,
        "default_pos": -0.253132,
        "kp": 2100.0,
        "ki": 0.0,
        "kd": 0.0,
        "kff1": 0.0,
        "kff2": 0.0
    },
    "right_hip_yaw_drive": {
        "motor": "XC330",
        "init_pos": 1.9711652994155884,
        "default_pos": 0,
        "gear_ratio": 0.9047619047619047,
        "kp": 1500.0,
        "ki": 0.0,
        "kd": 0.0,
        "kff1": 0.0,
        "kff2": 0.0
    },
    "right_hip_roll": {
        "motor": "2XC430",
        "init_pos": 3.0925052165985107,
        "default_pos": 0,
        "kp": 2100.0,
        "ki": 0.0,
        "kd": 0.0,
        "kff1": 0.0,
        "kff2": 0.0
    },
    "right_hip_pitch": {
        "motor": "2XC430",
        "init_pos": 3.203624129295349,
        "default_pos": 0.2672678,
        "kp": 2100.0,
        "ki": 0.0,
        "kd": 0.0,
        "kff1": 0.0,
        "kff2": 0.0
    },
    "right_knee_act": {
        "motor": "XM430",
        "init_pos": 1.7892937660217285,
        "default_pos": -0.523599,
        "kp": 2700.0,
        "ki": 0.0,
        "kd": 160.0,
        "kff1": 0.0,
        "kff2": 0.0
    },
    "right_ank_roll": {
        "motor": "XC430",
        "init_pos": 6.264777660369873,
        "default_pos": 0.0,
        "kp": 2100.0,
        "ki": 0.0,
        "kd": 0.0,
        "kff1": 0.0,
        "kff2": 0.0
    },
    "right_ank_pitch": {
        "motor": "XC430",
        "init_pos": 3.0835356414318085,
        "default_pos": -0.253132,
        "kp": 2100.0,
        "ki": 0.0,
        "kd": 0.0,
        "kff1": 0.0,
        "kff2": 0.0
    },
    "left_sho_pitch": {
        "motor": "XC430",
        "init_pos": 2.356194490192345,
        "default_pos": 0.174533,
        "kp": 2100.0,
        "ki": 0.0,
        "kd": 0.0,
        "kff1": 0.0,
        "kff2": 0.0
    },
    "left_sho_roll": {
        "motor": "2XL430",
        "init_pos": 3.141592653589793,
        "default_pos": -0.261799,
        "kp": 2100.0,
        "ki": 0.0,
        "kd": 0.0,
        "kff1": 0.0,
        "kff2": 0.0
    },
    "left_sho_yaw_drive": {
        "motor": "2XL430",
        "init_pos": 3.7858645915985107,
        "default_pos": 1.0472,
        "kp": 2100.0,
        "ki": 0.0,
        "kd": 0.0,
        "kff1": 0.0,
        "kff2": 0.0
    },
    "left_elbow_roll": {
        "motor": "2XL430",
        "init_pos": 0.7853981633974483,
        "default_pos": 0.523599,
        "kp": 2100.0,
        "ki": 0.0,
        "kd": 0.0,
        "kff1": 0.0,
        "kff2": 0.0
    },
    "left_elbow_yaw_drive": {
        "motor": "2XL430",
        "init_pos": 4.566660567126002,
        "default_pos": -1.0472,
        "kp": 2100.0,
        "ki": 0.0,
        "kd": 0.0,
        "kff1": 0.0,
        "kff2": 0.0
    },
    "left_wrist_pitch_drive": {
        "motor": "2XL430",
        "init_pos": 5.8597684306457625,
        "default_pos": -1.309,
        "kp": 2100.0,
        "ki": 0.0,
        "kd": 0.0,
        "kff1": 0.0,
        "kff2": 0.0
    },
    "left_wrist_roll": {
        "motor": "2XL430",
        "init_pos": 3.141592653589793,
        "default_pos": 0,
        "kp": 2100.0,
        "ki": 0.0,
        "kd": 0.0,
        "kff1": 0.0,
        "kff2": 0.0
    },
    "right_sho_pitch": {
        "motor": "XC430",
        "init_pos": 0.7853981633974483,
        "default_pos": -0.174533,
        "kp": 2100.0,
        "ki": 0.0,
        "kd": 0.0,
        "kff1": 0.0,
        "kff2": 0.0
    },
    "right_sho_roll": {
        "motor": "2XL430",
        "init_pos": 3.141592653589793,
        "default_pos": -0.261799,
        "kp": 2100.0,
        "ki": 0.0,
        "kd": 0.0,
        "kff1": 0.0,
        "kff2": 0.0
    },
    "right_sho_yaw_drive": {
        "motor": "2XL430",
        "init_pos": 1.6965827941894531,
        "default_pos": -1.0472,
        "kp": 2100.0,
        "ki": 0.0,
        "kd": 0.0,
        "kff1": 0.0,
        "kff2": 0.0
    },
    "right_elbow_roll": {
        "motor": "2XL430",
        "init_pos": 1.5707963267948966,
        "default_pos": 0.523599,
        "kp": 2100.0,
        "ki": 0.0,
        "kd": 0.0,
        "kff1": 0.0,
        "kff2": 0.0
    },
    "right_elbow_yaw_drive": {
        "motor": "2XL430",
        "init_pos": 1.167359364036697,
        "default_pos": 1.0472,
        "kp": 2100.0,
        "ki": 0.0,
        "kd": 0.0,
        "kff1": 0.0,
        "kff2": 0.0
    },
    "right_wrist_pitch_drive": {
        "motor": "2XL430",
        "init_pos": 3.041883945465088,
        "default_pos": 1.309,
        "kp": 2100.0,
        "ki": 0.0,
        "kd": 0.0,
        "kff1": 0.0,
        "kff2": 0.0
    },
    "right_wrist_roll": {
        "motor": "2XL430",
        "init_pos": 3.141592653589793,
        "default_pos": 0.0,
        "kp": 2100.0,
        "ki": 0.0,
        "kd": 0.0,
        "kff1": 0.0,
        "kff2": 0.0
    }
}