{
    "neck_yaw_drive": {
        "motor": "XC330",
        "init_pos": 4.525243282318115,
        "default_pos": 0,
        "gear_ratio": 0.7222222222222222,
        "kp": 1500.0,
        "ki": 0.0,
        "kd": 0.0,
        "kff1": 0.0,
        "kff2": 0.0
    },
    "neck_pitch_drive": {
        "motor": "XC330",
        "init_pos": 3.2643110752105713,
        "default_pos": 0,
        "gear_ratio": 0.9090909090909091,
        "kp": 1500.0,
        "ki": 0.0,
        "kd": 0.0,
        "kff1": 0.0,
        "kff2": 0.0
    },
    "waist_act_1": {
        "motor": "XC330",
        "init_pos": 4.054311275482178,
        "default_pos": 0,
        "kp": 1500.0,
        "ki": 0.0,
        "kd": 0.0,
        "kff1": 0.0,
        "kff2": 0.0
    },
    "waist_act_2": {
        "motor": "XC330",
        "init_pos": 2.4835147857666016,
        "default_pos": 0,
        "kp": 1500.0,
        "ki": 0.0,
        "kd": 0.0,
        "kff1": 0.0,
        "kff2": 0.0
    },
    "left_hip_yaw_drive": {
        "motor": "XC330",
        "init_pos": 4.127942085266113,
        "default_pos": 0,
        "gear_ratio": 0.9047619047619047,
        "kp": 1500.0,
        "ki": 0.0,
        "kd": 0.0,
        "kff1": 0.0,
        "kff2": 0.0
    },
    "left_hip_roll": {
        "motor": "2XC430",
        "init_pos": 4.701651096343994,
        "default_pos": 0,
        "kp": 2100.0,
        "ki": 0.0,
        "kd": 0.0,
        "kff1": 0.0,
        "kff2": 0.0
    },
    "left_hip_pitch": {
        "motor": "2XC430",
        "init_pos": 3.087377369403839,
        "default_pos": -0.2672678,
        "kp": 2100.0,
        "ki": 0.0,
        "kd": 0.0,
        "kff1": 0.0,
        "kff2": 0.0
    },
    "left_knee_act": {
        "motor": "XM430",
        "init_pos": 3.473940670490265,
        "default_pos": 0.523599,
        "kp": 2700.0,
        "ki": 0.0,
        "kd": 160.0,
        "kff1": 0.0,
        "kff2": 0.0
    },
    "left_ank_roll": {
        "motor": "XC430",
        "init_pos": 0.006135923322290182,
        "default_pos": 0.0,
        "kp": 2100.0,
        "ki": 0.0,
        "kd": 0.0,
        "kff1": 0.0,
        "kff2": 0.0
    },
    "left_ank_pitch": {
        "motor": "XC430",
        "init_pos": 1.5303868651390076,
        "default_pos": -0.253132,
        "kp": 2100.0,
        "ki": 0.0,
        "kd": 0.0,
        "kff1": 0.0,
        "kff2": 0.0
    },
    "right_hip_yaw_drive": {
        "motor": "XC330",
        "init_pos": 1.96656334400177,
        "default_pos": 0,
        "gear_ratio": 0.9047619047619047,
        "kp": 1500.0,
        "ki": 0.0,
        "kd": 0.0,
        "kff1": 0.0,
        "kff2": 0.0
    },
    "right_hip_roll": {
        "motor": "2XC430",
        "init_pos": 3.083301305770874,
        "default_pos": 0,
        "kp": 2100.0,
        "ki": 0.0,
        "kd": 0.0,
        "kff1": 0.0,
        "kff2": 0.0
    },
    "right_hip_pitch": {
        "motor": "2XC430",
        "init_pos": 3.1559244990348816,
        "default_pos": 0.2672678,
        "kp": 2100.0,
        "ki": 0.0,
        "kd": 0.0,
        "kff1": 0.0,
        "kff2": 0.0
    },
    "right_knee_act": {
        "motor": "XM430",
        "init_pos": 1.7155163884162903,
        "default_pos": -0.523599,
        "kp": 2700.0,
        "ki": 0.0,
        "kd": 160.0,
        "kff1": 0.0,
        "kff2": 0.0
    },
    "right_ank_roll": {
        "motor": "XC430",
        "init_pos": 6.2663116455078125,
        "default_pos": 0.0,
        "kp": 2100.0,
        "ki": 0.0,
        "kd": 0.0,
        "kff1": 0.0,
        "kff2": 0.0
    },
    "right_ank_pitch": {
        "motor": "XC430",
        "init_pos": 3.124193012714386,
        "default_pos": -0.253132,
        "kp": 2100.0,
        "ki": 0.0,
        "kd": 0.0,
        "kff1": 0.0,
        "kff2": 0.0
    },
    "left_sho_pitch": {
        "motor": "XC430",
        "init_pos": 2.356194490192345,
        "default_pos": 0.174533,
        "kp": 2100.0,
        "ki": 0.0,
        "kd": 0.0,
        "kff1": 0.0,
        "kff2": 0.0
    },
    "left_sho_roll": {
        "motor": "2XL430",
        "init_pos": 3.141592653589793,
        "default_pos": -0.261799,
        "kp": 2100.0,
        "ki": 0.0,
        "kd": 0.0,
        "kff1": 0.0,
        "kff2": 0.0
    },
    "left_sho_yaw_drive": {
        "motor": "2XL430",
        "init_pos": 3.8226802349090576,
        "default_pos": 1.0472,
        "kp": 2100.0,
        "ki": 0.0,
        "kd": 0.0,
        "kff1": 0.0,
        "kff2": 0.0
    },
    "left_elbow_roll": {
        "motor": "2XL430",
        "init_pos": 1.5707963267948966,
        "default_pos": 0.523599,
        "kp": 2100.0,
        "ki": 0.0,
        "kd": 0.0,
        "kff1": 0.0,
        "kff2": 0.0
    },
    "left_elbow_yaw_drive": {
        "motor": "2XL430",
        "init_pos": 4.56819486618042,
        "default_pos": -1.0472,
        "kp": 2100.0,
        "ki": 0.0,
        "kd": 0.0,
        "kff1": 0.0,
        "kff2": 0.0
    },
    "left_wrist_pitch_drive": {
        "motor": "2XL430",
        "init_pos": 5.8720784187316895,
        "default_pos": -1.309,
        "kp": 2100.0,
        "ki": 0.0,
        "kd": 0.0,
        "kff1": 0.0,
        "kff2": 0.0
    },
    "left_wrist_roll": {
        "motor": "2XL430",
        "init_pos": 3.141592653589793,
        "default_pos": 0,
        "kp": 2100.0,
        "ki": 0.0,
        "kd": 0.0,
        "kff1": 0.0,
        "kff2": 0.0
    },
    "right_sho_pitch": {
        "motor": "XC430",
        "init_pos": 0.7853981633974483,
        "default_pos": -0.174533,
        "kp": 2100.0,
        "ki": 0.0,
        "kd": 0.0,
        "kff1": 0.0,
        "kff2": 0.0
    },
    "right_sho_roll": {
        "motor": "2XL430",
        "init_pos": 3.141592653589793,
        "default_pos": -0.261799,
        "kp": 2100.0,
        "ki": 0.0,
        "kd": 0.0,
        "kff1": 0.0,
        "kff2": 0.0
    },
    "right_sho_yaw_drive": {
        "motor": "2XL430",
        "init_pos": 1.718058466911316,
        "default_pos": -1.0472,
        "kp": 2100.0,
        "ki": 0.0,
        "kd": 0.0,
        "kff1": 0.0,
        "kff2": 0.0
    },
    "right_elbow_roll": {
        "motor": "2XL430",
        "init_pos": 1.5707963267948966,
        "default_pos": 0.523599,
        "kp": 2100.0,
        "ki": 0.0,
        "kd": 0.0,
        "kff1": 0.0,
        "kff2": 0.0
    },
    "right_elbow_yaw_drive": {
        "motor": "2XL430",
        "init_pos": 1.1919031143188477,
        "default_pos": 1.0472,
        "kp": 2100.0,
        "ki": 0.0,
        "kd": 0.0,
        "kff1": 0.0,
        "kff2": 0.0
    },
    "right_wrist_pitch_drive": {
        "motor": "2XL430",
        "init_pos": 3.0403499603271484,
        "default_pos": 1.309,
        "kp": 2100.0,
        "ki": 0.0,
        "kd": 0.0,
        "kff1": 0.0,
        "kff2": 0.0
    },
    "right_wrist_roll": {
        "motor": "2XL430",
        "init_pos": 3.141592653589793,
        "default_pos": 0.0,
        "kp": 2100.0,
        "ki": 0.0,
        "kd": 0.0,
        "kff1": 0.0,
        "kff2": 0.0
    }
}