{
    "neck_yaw_drive": {
        "motor": "XC330",
        "init_pos": 2.0371265411376953,
        "default_pos": 0,
        "gear_ratio": 0.9090909090909091,
        "kp": 900.0,
        "ki": 0.0,
        "kd": 0.0,
        "kff1": 0.0,
        "kff2": 0.0
    },
    "neck_pitch_act": {
        "motor": "XC330",
        "init_pos": 5.743224143981934,
        "default_pos": 0,
        "kp": 900.0,
        "ki": 0.0,
        "kd": 0.0,
        "kff1": 0.0,
        "kff2": 0.0
    },
    "waist_act_1": {
        "motor": "XC330",
        "init_pos": 5.865942478179932,
        "default_pos": 0,
        "kp": 900.0,
        "ki": 0.0,
        "kd": 0.0,
        "kff1": 0.0,
        "kff2": 0.0
    },
    "waist_act_2": {
        "motor": "XC330",
        "init_pos": 4.071185111999512,
        "default_pos": 0,
        "kp": 900.0,
        "ki": 0.0,
        "kd": 0.0,
        "kff1": 0.0,
        "kff2": 0.0
    },
    "left_hip_pitch": {
        "motor": "XM430-W350",
        "init_pos": 3.6247966289520264,
        "default_pos": 0.155334,
        "kp": 1600.0,
        "ki": 0.0,
        "kd": 0.0,
        "kff1": 0.0,
        "kff2": 0.0
    },
    "left_hip_roll": {
        "motor": "XM430-W350",
        "init_pos": 2.9651849269866943,
        "default_pos": 0,
        "kp": 1600.0,
        "ki": 0.0,
        "kd": 0.0,
        "kff1": 0.0,
        "kff2": 0.0
    },
    "left_hip_yaw_drive": {
        "motor": "XC330",
        "init_pos": 5.425690174102783,
        "default_pos": 0,
        "gear_ratio": 0.8571428571428571,
        "kp": 900.0,
        "ki": 0.0,
        "kd": 0.0,
        "kff1": 0.0,
        "kff2": 0.0
    },
    "left_knee_act": {
        "motor": "XM430-W210",
        "init_pos": 0.7792622447013855,
        "default_pos": -0.534732,
        "kp": 1600.0,
        "ki": 0.0,
        "kd": 0.0,
        "kff1": 0.0,
        "kff2": 0.0
    },
    "left_ank_roll": {
        "motor": "XC430",
        "init_pos": 6.255573749542236,
        "default_pos": 0.0,
        "kp": 800.0,
        "ki": 0.0,
        "kd": 0.0,
        "kff1": 0.0,
        "kff2": 0.0
    },
    "left_ank_pitch": {
        "motor": "XM430-W210",
        "init_pos": 5.333651065826416,
        "default_pos": -0.379457,
        "kp": 1600.0,
        "ki": 0.0,
        "kd": 0.0,
        "kff1": 0.0,
        "kff2": 0.0
    },
    "right_hip_pitch": {
        "motor": "XM430-W350",
        "init_pos": 3.110913038253784,
        "default_pos": -0.155334,
        "kp": 1600.0,
        "ki": 0.0,
        "kd": 0.0,
        "kff1": 0.0,
        "kff2": 0.0
    },
    "right_hip_roll": {
        "motor": "XM430-W350",
        "init_pos": 0.14726215600967407,
        "default_pos": 0,
        "kp": 1600.0,
        "ki": 0.0,
        "kd": 0.0,
        "kff1": 0.0,
        "kff2": 0.0
    },
    "right_hip_yaw_drive": {
        "motor": "XC330",
        "init_pos": 1.2164467573165894,
        "default_pos": 0,
        "gear_ratio": 0.8571428571428571,
        "kp": 900.0,
        "ki": 0.0,
        "kd": 0.0,
        "kff1": 0.0,
        "kff2": 0.0
    },
    "right_knee_act": {
        "motor": "XM430-W210",
        "init_pos": 4.85811710357666,
        "default_pos": 0.534732,
        "kp": 1600.0,
        "ki": 0.0,
        "kd": 0.0,
        "kff1": 0.0,
        "kff2": 0.0
    },
    "right_ank_roll": {
        "motor": "XC430",
        "init_pos": 0.023009711876511574,
        "default_pos": 0.0,
        "kp": 800.0,
        "ki": 0.0,
        "kd": 0.0,
        "kff1": 0.0,
        "kff2": 0.0
    },
    "right_ank_pitch": {
        "motor": "XM430-W210",
        "init_pos": 2.3853402137756348,
        "default_pos": 0.379457,
        "kp": 1600.0,
        "ki": 0.0,
        "kd": 0.0,
        "kff1": 0.0,
        "kff2": 0.0
    },
    "left_sho_pitch": {
        "motor": "XC430",
        "init_pos": 4.71238898038469,
        "default_pos": 0.174533,
        "kp": 350.0,
        "ki": 0.0,
        "kd": 0.0,
        "kff1": 0.0,
        "kff2": 0.0
    },
    "left_sho_roll": {
        "motor": "2XL430",
        "init_pos": 1.5707963267948966,
        "default_pos": -0.261799,
        "kp": 350.0,
        "ki": 0.0,
        "kd": 0.0,
        "kff1": 0.0,
        "kff2": 0.0
    },
    "left_sho_yaw_drive": {
        "motor": "2XL430",
        "init_pos": 2.854738235473633,
        "default_pos": 1.0472,
        "kp": 700.0,
        "ki": 0.0,
        "kd": 0.0,
        "kff1": 0.0,
        "kff2": 0.0
    },
    "left_elbow_roll": {
        "motor": "2XL430",
        "init_pos": 3.141592653589793,
        "default_pos": 0.523599,
        "kp": 350.0,
        "ki": 0.0,
        "kd": 0.0,
        "kff1": 0.0,
        "kff2": 0.0
    },
    "left_elbow_yaw_drive": {
        "motor": "2XL430",
        "init_pos": 0.9142525792121887,
        "default_pos": -1.0472,
        "kp": 700.0,
        "ki": 0.0,
        "kd": 0.0,
        "kff1": 0.0,
        "kff2": 0.0
    },
    "left_wrist_pitch_drive": {
        "motor": "2XL430",
        "init_pos": 2.2825634479522705,
        "default_pos": -1.309,
        "kp": 700.0,
        "ki": 0.0,
        "kd": 0.0,
        "kff1": 0.0,
        "kff2": 0.0
    },
    "left_wrist_roll": {
        "motor": "2XL430",
        "init_pos": 6.283185307179586,
        "default_pos": 0,
        "kp": 700.0,
        "ki": 0.0,
        "kd": 0.0,
        "kff1": 0.0,
        "kff2": 0.0
    },
    "right_sho_pitch": {
        "motor": "XC430",
        "init_pos": 0.0,
        "default_pos": -0.174533,
        "kp": 350.0,
        "ki": 0.0,
        "kd": 0.0,
        "kff1": 0.0,
        "kff2": 0.0
    },
    "right_sho_roll": {
        "motor": "2XL430",
        "init_pos": 3.141592653589793,
        "default_pos": -0.261799,
        "kp": 350.0,
        "ki": 0.0,
        "kd": 0.0,
        "kff1": 0.0,
        "kff2": 0.0
    },
    "right_sho_yaw_drive": {
        "motor": "2XL430",
        "init_pos": 0.14112623035907745,
        "default_pos": -1.0472,
        "kp": 700.0,
        "ki": 0.0,
        "kd": 0.0,
        "kff1": 0.0,
        "kff2": 0.0
    },
    "right_elbow_roll": {
        "motor": "2XL430",
        "init_pos": 1.5707963267948966,
        "default_pos": 0.523599,
        "kp": 350.0,
        "ki": 0.0,
        "kd": 0.0,
        "kff1": 0.0,
        "kff2": 0.0
    },
    "right_elbow_yaw_drive": {
        "motor": "2XL430",
        "init_pos": 5.218602657318115,
        "default_pos": 1.0472,
        "kp": 700.0,
        "ki": 0.0,
        "kd": 0.0,
        "kff1": 0.0,
        "kff2": 0.0
    },
    "right_wrist_pitch_drive": {
        "motor": "2XL430",
        "init_pos": 4.545185089111328,
        "default_pos": 1.309,
        "kp": 700.0,
        "ki": 0.0,
        "kd": 0.0,
        "kff1": 0.0,
        "kff2": 0.0
    },
    "right_wrist_roll": {
        "motor": "2XL430",
        "init_pos": 1.5707963267948966,
        "default_pos": 0.0,
        "kp": 700.0,
        "ki": 0.0,
        "kd": 0.0,
        "kff1": 0.0,
        "kff2": 0.0
    }
}