{
    "neck_yaw_drive": {
        "motor": "XC330",
        "init_pos": 1.7763497829437256,
        "default_pos": 0,
        "gear_ratio": 0.9090909090909091,
        "kp": 900.0,
        "ki": 0.0,
        "kd": 0.0,
        "kff1": 0.0,
        "kff2": 0.0
    },
    "neck_pitch_act": {
        "motor": "XC330",
        "init_pos": 5.75242805480957,
        "default_pos": 0,
        "kp": 900.0,
        "ki": 0.0,
        "kd": 0.0,
        "kff1": 0.0,
        "kff2": 0.0
    },
    "waist_act_1": {
        "motor": "XC330",
        "init_pos": 1.0630487203598022,
        "default_pos": 0,
        "kp": 900.0,
        "ki": 0.0,
        "kd": 0.0,
        "kff1": 0.0,
        "kff2": 0.0
    },
    "waist_act_2": {
        "motor": "XC330",
        "init_pos": 5.430292129516602,
        "default_pos": 0,
        "kp": 900.0,
        "ki": 0.0,
        "kd": 0.0,
        "kff1": 0.0,
        "kff2": 0.0
    },
    "left_hip_pitch": {
        "motor": "XM430-W350",
        "init_pos": 3.8871073722839355,
        "default_pos": 0.155334,
        "kp": 900.0,
        "ki": 0.0,
        "kd": 0.0,
        "kff1": 0.0,
        "kff2": 0.0
    },
    "left_hip_roll": {
        "motor": "XM430-W350",
        "init_pos": 2.2043304443359375,
        "default_pos": 0,
        "kp": 2100.0,
        "ki": 0.0,
        "kd": 0.0,
        "kff1": 0.0,
        "kff2": 0.0
    },
    "left_hip_yaw_drive": {
        "motor": "XC330",
        "init_pos": 3.0679616928100586,
        "default_pos": 0,
        "gear_ratio": 0.8571428571428571,
        "kp": 900.0,
        "ki": 0.0,
        "kd": 0.0,
        "kff1": 0.0,
        "kff2": 0.0
    },
    "left_knee_act": {
        "motor": "XM430-W210",
        "init_pos": 6.031612396240234,
        "default_pos": -0.534732,
        "kp": 1200.0,
        "ki": 0.0,
        "kd": 0.0,
        "kff1": 0.0,
        "kff2": 0.0
    },
    "left_ank_roll": {
        "motor": "XC430",
        "init_pos": 6.250971794128418,
        "default_pos": 0.0,
        "kp": 600.0,
        "ki": 0.0,
        "kd": 0.0,
        "kff1": 0.0,
        "kff2": 0.0
    },
    "left_ank_pitch": {
        "motor": "XM430-W210",
        "init_pos": 5.456369876861572,
        "default_pos": -0.379457,
        "kp": 1200.0,
        "ki": 0.0,
        "kd": 0.0,
        "kff1": 0.0,
        "kff2": 0.0
    },
    "right_hip_pitch": {
        "motor": "XM430-W350",
        "init_pos": 1.2716701030731201,
        "default_pos": -0.155334,
        "kp": 900.0,
        "ki": 0.0,
        "kd": 0.0,
        "kff1": 0.0,
        "kff2": 0.0
    },
    "right_hip_roll": {
        "motor": "XM430-W350",
        "init_pos": 4.078855037689209,
        "default_pos": 0,
        "kp": 2100.0,
        "ki": 0.0,
        "kd": 0.0,
        "kff1": 0.0,
        "kff2": 0.0
    },
    "right_hip_yaw_drive": {
        "motor": "XC330",
        "init_pos": 6.010136604309082,
        "default_pos": 0,
        "gear_ratio": 0.8571428571428571,
        "kp": 900.0,
        "ki": 0.0,
        "kd": 0.0,
        "kff1": 0.0,
        "kff2": 0.0
    },
    "right_knee_act": {
        "motor": "XM430-W210",
        "init_pos": 0.12118448317050934,
        "default_pos": 0.534732,
        "kp": 1200.0,
        "ki": 0.0,
        "kd": 0.0,
        "kff1": 0.0,
        "kff2": 0.0
    },
    "right_ank_roll": {
        "motor": "XC430",
        "init_pos": 4.693981170654297,
        "default_pos": 0.0,
        "kp": 600.0,
        "ki": 0.0,
        "kd": 0.0,
        "kff1": 0.0,
        "kff2": 0.0
    },
    "right_ank_pitch": {
        "motor": "XM430-W210",
        "init_pos": 3.0909712314605713,
        "default_pos": 0.379457,
        "kp": 1200.0,
        "ki": 0.0,
        "kd": 0.0,
        "kff1": 0.0,
        "kff2": 0.0
    },
    "left_sho_pitch": {
        "motor": "XC430",
        "init_pos": 6.283185307179586,
        "default_pos": 0.174533,
        "kp": 350.0,
        "ki": 0.0,
        "kd": 0.0,
        "kff1": 0.0,
        "kff2": 0.0
    },
    "left_sho_roll": {
        "motor": "2XL430",
        "init_pos": 3.141592653589793,
        "default_pos": -0.261799,
        "kp": 350.0,
        "ki": 0.0,
        "kd": 0.0,
        "kff1": 0.0,
        "kff2": 0.0
    },
    "left_sho_yaw_drive": {
        "motor": "2XL430",
        "init_pos": 5.293767929077148,
        "default_pos": 1.0472,
        "kp": 700.0,
        "ki": 0.0,
        "kd": 0.0,
        "kff1": 0.0,
        "kff2": 0.0
    },
    "left_elbow_roll": {
        "motor": "2XL430",
        "init_pos": 3.141592653589793,
        "default_pos": 0.523599,
        "kp": 350.0,
        "ki": 0.0,
        "kd": 0.0,
        "kff1": 0.0,
        "kff2": 0.0
    },
    "left_elbow_yaw_drive": {
        "motor": "2XL430",
        "init_pos": 3.709165573120117,
        "default_pos": -1.0472,
        "kp": 700.0,
        "ki": 0.0,
        "kd": 0.0,
        "kff1": 0.0,
        "kff2": 0.0
    },
    "left_wrist_pitch_drive": {
        "motor": "2XL430",
        "init_pos": 2.1813206672668457,
        "default_pos": -1.309,
        "kp": 700.0,
        "ki": 0.0,
        "kd": 0.0,
        "kff1": 0.0,
        "kff2": 0.0
    },
    "left_wrist_roll": {
        "motor": "2XL430",
        "init_pos": 1.5707963267948966,
        "default_pos": 0,
        "kp": 700.0,
        "ki": 0.0,
        "kd": 0.0,
        "kff1": 0.0,
        "kff2": 0.0
    },
    "right_sho_pitch": {
        "motor": "XC430",
        "init_pos": 0.0,
        "default_pos": -0.174533,
        "kp": 350.0,
        "ki": 0.0,
        "kd": 0.0,
        "kff1": 0.0,
        "kff2": 0.0
    },
    "right_sho_roll": {
        "motor": "2XL430",
        "init_pos": 0.0,
        "default_pos": -0.261799,
        "kp": 350.0,
        "ki": 0.0,
        "kd": 0.0,
        "kff1": 0.0,
        "kff2": 0.0
    },
    "right_sho_yaw_drive": {
        "motor": "2XL430",
        "init_pos": 0.6718835830688477,
        "default_pos": -1.0472,
        "kp": 700.0,
        "ki": 0.0,
        "kd": 0.0,
        "kff1": 0.0,
        "kff2": 0.0
    },
    "right_elbow_roll": {
        "motor": "2XL430",
        "init_pos": 3.141592653589793,
        "default_pos": 0.523599,
        "kp": 350.0,
        "ki": 0.0,
        "kd": 0.0,
        "kff1": 0.0,
        "kff2": 0.0
    },
    "right_elbow_yaw_drive": {
        "motor": "2XL430",
        "init_pos": 4.281340599060059,
        "default_pos": 1.0472,
        "kp": 700.0,
        "ki": 0.0,
        "kd": 0.0,
        "kff1": 0.0,
        "kff2": 0.0
    },
    "right_wrist_pitch_drive": {
        "motor": "2XL430",
        "init_pos": 3.018874168395996,
        "default_pos": 1.309,
        "kp": 700.0,
        "ki": 0.0,
        "kd": 0.0,
        "kff1": 0.0,
        "kff2": 0.0
    },
    "right_wrist_roll": {
        "motor": "2XL430",
        "init_pos": 1.5707963267948966,
        "default_pos": 0.0,
        "kp": 700.0,
        "ki": 0.0,
        "kd": 0.0,
        "kff1": 0.0,
        "kff2": 0.0
    }
}