{
    "neck_yaw_drive": {
        "motor": "XC330",
        "init_pos": 0.480135977268219,
        "default_pos": 0,
        "gear_ratio": 1.3846153846153846
    },
    "neck_pitch_drive": {
        "motor": "XC330",
        "init_pos": 3.256641149520874,
        "default_pos": 0,
        "gear_ratio": 1.1
    },
    "waist_act_1": {
        "motor": "XC330",
        "init_pos": 1.1428157091140747,
        "default_pos": 0
    },
    "waist_act_2": {
        "motor": "XC330",
        "init_pos": 3.0986411571502686,
        "default_pos": 0
    },
    "left_hip_yaw_drive": {
        "motor": "XC330",
        "init_pos": 2.9866604804992676,
        "default_pos": 0,
        "gear_ratio": 1.105263157894737
    },
    "left_hip_roll": {
        "motor": "2XC430",
        "init_pos": 4.680175304412842,
        "default_pos": 0
    },
    "left_hip_pitch": {
        "motor": "2XC430",
        "init_pos": 3.106311082839966,
        "default_pos": -0.2672678
    },
    "left_knee_act": {
        "motor": "XM430",
        "init_pos": 3.491340160369873,
        "default_pos": 0.523599
    },
    "left_ank_act_1": {
        "motor": "XC330",
        "init_pos": 0.38963112235069275,
        "default_pos": -0.253132
    },
    "left_ank_act_2": {
        "motor": "XC330",
        "init_pos": 1.2686021327972412,
        "default_pos": 0.256023
    },
    "right_hip_yaw_drive": {
        "motor": "XC330",
        "init_pos": 6.000932693481445,
        "default_pos": 0,
        "gear_ratio": 1.105263157894737
    },
    "right_hip_roll": {
        "motor": "2XC430",
        "init_pos": 3.1155149936676025,
        "default_pos": 0
    },
    "right_hip_pitch": {
        "motor": "2XC430",
        "init_pos": 3.140058755874634,
        "default_pos": 0.2672678
    },
    "right_knee_act": {
        "motor": "XM430",
        "init_pos": 1.6613011360168457,
        "default_pos": -0.523599
    },
    "right_ank_act_1": {
        "motor": "XC330",
        "init_pos": 6.224894046783447,
        "default_pos": 0.253132
    },
    "right_ank_act_2": {
        "motor": "XC330",
        "init_pos": 0.13805827498435974,
        "default_pos": -0.256023
    },
    "left_sho_pitch": {
        "motor": "XC430",
        "init_pos": 2.356194490192345,
        "default_pos": 0.174533
    },
    "left_sho_roll": {
        "motor": "2XL430",
        "init_pos": 3.141592653589793,
        "default_pos": -0.261799
    },
    "left_sho_yaw_drive": {
        "motor": "2XL430",
        "init_pos": 3.7858645915985107,
        "default_pos": -1.0472
    },
    "left_elbow_roll": {
        "motor": "2XL430",
        "init_pos": 0.7853981633974483,
        "default_pos": 0.523599
    },
    "left_elbow_yaw_drive": {
        "motor": "2XL430",
        "init_pos": 6.137456893920898,
        "default_pos": -0.523599
    },
    "left_wrist_roll_drive": {
        "motor": "2XL430",
        "init_pos": 0.8958447575569153,
        "default_pos": -1.0472
    },
    "left_wrist_pitch": {
        "motor": "2XL430",
        "init_pos": 3.141592653589793,
        "default_pos": 0
    },
    "right_sho_pitch": {
        "motor": "XC430",
        "init_pos": 0.7853981633974483,
        "default_pos": -0.174533
    },
    "right_sho_roll": {
        "motor": "2XL430",
        "init_pos": 3.141592653589793,
        "default_pos": -0.261799
    },
    "right_sho_yaw_drive": {
        "motor": "2XL430",
        "init_pos": 1.6965827941894531,
        "default_pos": 1.0472
    },
    "right_elbow_roll": {
        "motor": "2XL430",
        "init_pos": 1.5707963267948966,
        "default_pos": 0.523599
    },
    "right_elbow_yaw_drive": {
        "motor": "2XL430",
        "init_pos": 5.879748344421387,
        "default_pos": 0.523599
    },
    "right_wrist_roll_drive": {
        "motor": "2XL430",
        "init_pos": 3.041883945465088,
        "default_pos": 1.0472
    },
    "right_wrist_pitch": {
        "motor": "2XL430",
        "init_pos": 3.141592653589793,
        "default_pos": 0
    }
}