{
    "neck_yaw_drive": {
        "motor": "XC330",
        "init_pos": 0.480135977268219,
        "default_pos": 0,
        "gear_ratio": 1.3846153846153846,
        "kp": 2400.0,
        "kd": 2400.0
    },
    "neck_pitch_drive": {
        "motor": "XC330",
        "init_pos": 3.256641149520874,
        "default_pos": 0,
        "gear_ratio": 1.1,
        "kp": 2400.0,
        "kd": 2400.0
    },
    "waist_act_1": {
        "motor": "XC330",
        "init_pos": 1.1443496942520142,
        "default_pos": 0,
        "kp": 2400.0,
        "kd": 2400.0
    },
    "waist_act_2": {
        "motor": "XC330",
        "init_pos": 3.0986411571502686,
        "default_pos": 0,
        "kp": 2400.0,
        "kd": 2400.0
    },
    "left_hip_yaw_drive": {
        "motor": "XC330",
        "init_pos": 0.2485048919916153,
        "default_pos": 0,
        "gear_ratio": 1.105263157894737,
        "kp": 2400.0,
        "kd": 2400.0
    },
    "left_hip_roll": {
        "motor": "2XC430",
        "init_pos": 4.690913200378418,
        "default_pos": 0,
        "kp": 2400.0,
        "kd": 2400.0
    },
    "left_hip_pitch": {
        "motor": "2XC430",
        "init_pos": 3.1262528896331787,
        "default_pos": -0.2672678,
        "kp": 2400.0,
        "kd": 2400.0
    },
    "left_knee_act": {
        "motor": "XM430",
        "init_pos": 3.449922800064087,
        "default_pos": 0.523599,
        "kp": 2400.0,
        "kd": 2400.0
    },
    "left_ank_act_1": {
        "motor": "XC330",
        "init_pos": 0.46786412596702576,
        "default_pos": -0.253132,
        "kp": 2400.0,
        "kd": 2400.0
    },
    "left_ank_act_2": {
        "motor": "XC330",
        "init_pos": 1.2164467573165894,
        "default_pos": 0.256023,
        "kp": 2400.0,
        "kd": 2400.0
    },
    "right_hip_yaw_drive": {
        "motor": "XC330",
        "init_pos": 2.0110487937927246,
        "default_pos": 0,
        "gear_ratio": 1.105263157894737,
        "kp": 2400.0,
        "kd": 2400.0
    },
    "right_hip_roll": {
        "motor": "2XC430",
        "init_pos": 3.1323888301849365,
        "default_pos": 0,
        "kp": 2400.0,
        "kd": 2400.0
    },
    "right_hip_pitch": {
        "motor": "2XC430",
        "init_pos": 3.130854845046997,
        "default_pos": 0.2672678,
        "kp": 2400.0,
        "kd": 2400.0
    },
    "right_knee_act": {
        "motor": "XM430",
        "init_pos": 1.7073205709457397,
        "default_pos": -0.523599,
        "kp": 2400.0,
        "kd": 2400.0
    },
    "right_ank_act_1": {
        "motor": "XC330",
        "init_pos": 6.252505779266357,
        "default_pos": 0.253132,
        "kp": 2400.0,
        "kd": 2400.0
    },
    "right_ank_act_2": {
        "motor": "XC330",
        "init_pos": 0.139592245221138,
        "default_pos": -0.256023,
        "kp": 2400.0,
        "kd": 2400.0
    },
    "left_sho_pitch": {
        "motor": "XC430",
        "init_pos": 2.356194490192345,
        "default_pos": 0.174533,
        "kp": 2400.0,
        "kd": 2400.0
    },
    "left_sho_roll": {
        "motor": "2XL430",
        "init_pos": 3.141592653589793,
        "default_pos": -0.261799,
        "kp": 2400.0,
        "kd": 2400.0
    },
    "left_sho_yaw_drive": {
        "motor": "2XL430",
        "init_pos": 3.7858645915985107,
        "default_pos": 1.0472,
        "kp": 2400.0,
        "kd": 2400.0
    },
    "left_elbow_roll": {
        "motor": "2XL430",
        "init_pos": 0.7853981633974483,
        "default_pos": 0.523599,
        "kp": 2400.0,
        "kd": 2400.0
    },
    "left_elbow_yaw_drive": {
        "motor": "2XL430",
        "init_pos": 6.137456893920898,
        "default_pos": 0.523599,
        "kp": 2400.0,
        "kd": 2400.0
    },
    "left_wrist_roll_drive": {
        "motor": "2XL430",
        "init_pos": 0.8958447575569153,
        "default_pos": 1.0472,
        "kp": 2400.0,
        "kd": 2400.0
    },
    "left_wrist_pitch": {
        "motor": "2XL430",
        "init_pos": 3.141592653589793,
        "default_pos": 0,
        "kp": 2400.0,
        "kd": 2400.0
    },
    "right_sho_pitch": {
        "motor": "XC430",
        "init_pos": 0.7853981633974483,
        "default_pos": -0.174533,
        "kp": 2400.0,
        "kd": 2400.0
    },
    "right_sho_roll": {
        "motor": "2XL430",
        "init_pos": 3.141592653589793,
        "default_pos": -0.261799,
        "kp": 2400.0,
        "kd": 2400.0
    },
    "right_sho_yaw_drive": {
        "motor": "2XL430",
        "init_pos": 1.6965827941894531,
        "default_pos": -1.0472,
        "kp": 2400.0,
        "kd": 2400.0
    },
    "right_elbow_roll": {
        "motor": "2XL430",
        "init_pos": 1.5707963267948966,
        "default_pos": 0.523599,
        "kp": 2400.0,
        "kd": 2400.0
    },
    "right_elbow_yaw_drive": {
        "motor": "2XL430",
        "init_pos": 5.879748344421387,
        "default_pos": -0.523599,
        "kp": 2400.0,
        "kd": 2400.0
    },
    "right_wrist_roll_drive": {
        "motor": "2XL430",
        "init_pos": 3.041883945465088,
        "default_pos": -1.0472,
        "kp": 2400.0,
        "kd": 2400.0
    },
    "right_wrist_pitch": {
        "motor": "2XL430",
        "init_pos": 3.141592653589793,
        "default_pos": 0,
        "kp": 2400.0,
        "kd": 2400.0
    }
}