{
    "neck_yaw_drive": {
        "motor": "XC330",
        "init_pos": 0.49854376912117004,
        "default_pos": 0,
        "gear_ratio": 0.7222222222222222,
        "kp": 900.0,
        "ki": 0.0,
        "kd": 0.0
    },
    "neck_pitch_drive": {
        "motor": "XC330",
        "init_pos": 5.819922924041748,
        "default_pos": 0,
        "gear_ratio": 0.9090909090909091,
        "kp": 900.0,
        "ki": 0.0,
        "kd": 0.0
    },
    "waist_act_1": {
        "motor": "XC330",
        "init_pos": 1.4986991882324219,
        "default_pos": 0,
        "kp": 900.0,
        "ki": 0.0,
        "kd": 0.0
    },
    "waist_act_2": {
        "motor": "XC330",
        "init_pos": 2.393010139465332,
        "default_pos": 0,
        "kp": 900.0,
        "ki": 0.0,
        "kd": 0.0
    },
    "left_hip_yaw_drive": {
        "motor": "XC330",
        "init_pos": 4.384117126464844,
        "default_pos": 0,
        "gear_ratio": 0.9047619047619047,
        "kp": 900.0,
        "ki": 0.0,
        "kd": 0.0
    },
    "left_hip_roll": {
        "motor": "2XC430",
        "init_pos": 4.667903423309326,
        "default_pos": 0,
        "kp": 1800.0,
        "ki": 0.0,
        "kd": 0.0
    },
    "left_hip_pitch": {
        "motor": "2XC430",
        "init_pos": 3.120116949081421,
        "default_pos": -0.2672678,
        "kp": 1800.0,
        "ki": 0.0,
        "kd": 0.0
    },
    "left_knee_act": {
        "motor": "XM430",
        "init_pos": 3.449922800064087,
        "default_pos": 0.523599,
        "kp": 2700.0,
        "ki": 0.0,
        "kd": 160.0
    },
    "left_ank_act_1": {
        "motor": "XC330",
        "init_pos": 0.43718451261520386,
        "default_pos": -0.253132,
        "kp": 900.0,
        "ki": 0.0,
        "kd": 0.0
    },
    "left_ank_act_2": {
        "motor": "XC330",
        "init_pos": 1.2333205938339233,
        "default_pos": 0.256023,
        "kp": 900.0,
        "ki": 0.0,
        "kd": 0.0
    },
    "right_hip_yaw_drive": {
        "motor": "XC330",
        "init_pos": 6.123651504516602,
        "default_pos": 0,
        "gear_ratio": 0.9047619047619047,
        "kp": 900.0,
        "ki": 0.0,
        "kd": 0.0
    },
    "right_hip_roll": {
        "motor": "2XC430",
        "init_pos": 3.1247189044952393,
        "default_pos": 0,
        "kp": 1800.0,
        "ki": 0.0,
        "kd": 0.0
    },
    "right_hip_pitch": {
        "motor": "2XC430",
        "init_pos": 3.133922815322876,
        "default_pos": 0.2672678,
        "kp": 1800.0,
        "ki": 0.0,
        "kd": 0.0
    },
    "right_knee_act": {
        "motor": "XM430",
        "init_pos": 1.7073205709457397,
        "default_pos": -0.523599,
        "kp": 2700.0,
        "ki": 0.0,
        "kd": 160.0
    },
    "right_ank_act_1": {
        "motor": "XC330",
        "init_pos": 6.277049541473389,
        "default_pos": 0.253132,
        "kp": 900.0,
        "ki": 0.0,
        "kd": 0.0
    },
    "right_ank_act_2": {
        "motor": "XC330",
        "init_pos": 0.09664078801870346,
        "default_pos": -0.256023,
        "kp": 900.0,
        "ki": 0.0,
        "kd": 0.0
    },
    "left_sho_pitch": {
        "motor": "XC430",
        "init_pos": 2.356194490192345,
        "default_pos": 0.174533,
        "kp": 1800.0,
        "ki": 0.0,
        "kd": 0.0
    },
    "left_sho_roll": {
        "motor": "2XL430",
        "init_pos": 3.141592653589793,
        "default_pos": -0.261799,
        "kp": 1800.0,
        "ki": 0.0,
        "kd": 0.0
    },
    "left_sho_yaw_drive": {
        "motor": "2XL430",
        "init_pos": 3.7858645915985107,
        "default_pos": 1.0472,
        "kp": 1800.0,
        "ki": 0.0,
        "kd": 0.0
    },
    "left_elbow_roll": {
        "motor": "2XL430",
        "init_pos": 0.7853981633974483,
        "default_pos": 0.523599,
        "kp": 1800.0,
        "ki": 0.0,
        "kd": 0.0
    },
    "left_elbow_yaw_drive": {
        "motor": "2XL430",
        "init_pos": 4.566660567126002,
        "default_pos": -1.0472,
        "kp": 1800.0,
        "ki": 0.0,
        "kd": 0.0
    },
    "left_wrist_pitch_drive": {
        "motor": "2XL430",
        "init_pos": 5.8597684306457625,
        "default_pos": -1.309,
        "kp": 1800.0,
        "ki": 0.0,
        "kd": 0.0
    },
    "left_wrist_roll": {
        "motor": "2XL430",
        "init_pos": 3.141592653589793,
        "default_pos": 0,
        "kp": 1800.0,
        "ki": 0.0,
        "kd": 0.0
    },
    "right_sho_pitch": {
        "motor": "XC430",
        "init_pos": 0.7853981633974483,
        "default_pos": -0.174533,
        "kp": 1800.0,
        "ki": 0.0,
        "kd": 0.0
    },
    "right_sho_roll": {
        "motor": "2XL430",
        "init_pos": 3.141592653589793,
        "default_pos": -0.261799,
        "kp": 1800.0,
        "ki": 0.0,
        "kd": 0.0
    },
    "right_sho_yaw_drive": {
        "motor": "2XL430",
        "init_pos": 1.6965827941894531,
        "default_pos": -1.0472,
        "kp": 1800.0,
        "ki": 0.0,
        "kd": 0.0
    },
    "right_elbow_roll": {
        "motor": "2XL430",
        "init_pos": 1.5707963267948966,
        "default_pos": 0.523599,
        "kp": 1800.0,
        "ki": 0.0,
        "kd": 0.0
    },
    "right_elbow_yaw_drive": {
        "motor": "2XL430",
        "init_pos": 1.167359364036697,
        "default_pos": 1.0472,
        "kp": 1800.0,
        "ki": 0.0,
        "kd": 0.0
    },
    "right_wrist_pitch_drive": {
        "motor": "2XL430",
        "init_pos": 3.041883945465088,
        "default_pos": 1.309,
        "kp": 1800.0,
        "ki": 0.0,
        "kd": 0.0
    },
    "right_wrist_roll": {
        "motor": "2XL430",
        "init_pos": 3.141592653589793,
        "default_pos": 0.0,
        "kp": 1800.0,
        "ki": 0.0,
        "kd": 0.0
    },
    "left_gripper_rack": {
        "motor": "XC330",
        "init_pos": 5.4042374958752415,
        "default_pos": 0.0,
        "gear_ratio": 0.007,
        "kp": 900.0,
        "ki": 0.0,
        "kd": 0.0
    },
    "right_gripper_rack": {
        "motor": "XC330",
        "init_pos": 1.9282397576033352,
        "default_pos": 0.0,
        "gear_ratio": 0.007,
        "kp": 900.0,
        "ki": 0.0,
        "kd": 0.0
    }
}