{
    "neck_yaw_driven": 1.3846153846153846,
    "neck_pitch_driven": 1.1,
    "waist_roll": 2.4,
    "waist_yaw": 2.4,
    "left_hip_yaw_driven": 1.105263157894737,
    "right_hip_yaw_driven": 1.105263157894737
}