{
    "XC330": {
        "tau_max": 0.6373450285354904,
        "q_dot_max": 6.57158691909738,
        "tau_q_dot_max": 0.0600228819172638,
        "q_dot_tau_max": 0.43336638637331387,
        "coeffs": [
            -0.005179792699830503,
            -0.057796287650207584,
            0.6647634367286208
        ]
    },
    "XC430": {
        "tau_max": 1.1399101334585207,
        "q_dot_max": 6.878368866343523,
        "tau_q_dot_max": 0.10166990812152102,
        "q_dot_tau_max": 0.36109486276857866,
        "coeffs": [
            -0.008205836743789477,
            -0.10132959820874908,
            1.1846039472255387
        ]
    },
    "XM430-W210": {
        "tau_max": 1.961000948734684,
        "q_dot_max": 7.562384615247326,
        "tau_q_dot_max": 0.07206346429460567,
        "q_dot_tau_max": 0.9942388661975735,
        "coeffs": [
            -0.011157346740336433,
            -0.19665840158788825,
            2.1871595030247764
        ]
    },
    "XM430-W350": {
        "tau_max": 2.9772999086218017,
        "q_dot_max": 4.615795422549468,
        "tau_q_dot_max": 0.07315966996344872,
        "q_dot_tau_max": 0.5803069987704684,
        "coeffs": [
            -0.06500947413722895,
            -0.3930827785415047,
            3.2585125509033115
        ]
    },
    "2XL430": {
        "tau_max": 0.8005590608852245,
        "q_dot_max": 5.730247474651529,
        "tau_q_dot_max": 0.03811962021488902,
        "q_dot_tau_max": 0.7145852583116885,
        "coeffs": [
            0.0,
            -0.1519749825529242,
            0.9105199721873308
        ]
    },
    "2XC430": {
        "tau_max": 1.1353205253325154,
        "q_dot_max": 6.575927292808448,
        "tau_q_dot_max": 0.09751108384686166,
        "q_dot_tau_max": 0.527921910110061,
        "coeffs": [
            -0.006489871294156129,
            -0.12526317708645818,
            1.2025960449740956
        ]
    }
}