{
    "neck_yaw_drive": {
        "motor": "XC330",
        "init_pos": 3.03574800491333,
        "default_pos": 0,
        "gear_ratio": 0.9090909090909091,
        "kp": 1500.0,
        "ki": 0.0,
        "kd": 0.0,
        "kff1": 0.0,
        "kff2": 0.0
    },
    "neck_pitch_act": {
        "motor": "XC330",
        "init_pos": 1.06918466091156,
        "default_pos": 0,
        "kp": 1500.0,
        "ki": 0.0,
        "kd": 0.0,
        "kff1": 0.0,
        "kff2": 0.0
    },
    "waist_act_1": {
        "motor": "XC330",
        "init_pos": 4.405592918395996,
        "default_pos": 0,
        "kp": 1500.0,
        "ki": 0.0,
        "kd": 0.0,
        "kff1": 0.0,
        "kff2": 0.0
    },
    "waist_act_2": {
        "motor": "XC330",
        "init_pos": 1.6490293741226196,
        "default_pos": 0,
        "kp": 1500.0,
        "ki": 0.0,
        "kd": 0.0,
        "kff1": 0.0,
        "kff2": 0.0
    },
    "left_hip_pitch": {
        "motor": "2XC430",
        "init_pos": 3.140058755874634,
        "default_pos": 0.145689,
        "kp": 2100.0,
        "ki": 0.0,
        "kd": 0.0,
        "kff1": 0.0,
        "kff2": 0.0
    },
    "left_hip_roll": {
        "motor": "2XC430",
        "init_pos": 3.1078450679779053,
        "default_pos": 0,
        "kp": 2100.0,
        "ki": 0.0,
        "kd": 0.0,
        "kff1": 0.0,
        "kff2": 0.0
    },
    "left_hip_yaw_drive": {
        "motor": "XC330",
        "init_pos": 0.8728350400924683,
        "default_pos": 0,
        "gear_ratio": 0.8571428571428571,
        "kp": 1500.0,
        "ki": 0.0,
        "kd": 0.0,
        "kff1": 0.0,
        "kff2": 0.0
    },
    "left_knee_act": {
        "motor": "XM430",
        "init_pos": 0.9817476868629456,
        "default_pos": -0.534732,
        "kp": 2700.0,
        "ki": 0.0,
        "kd": 160.0,
        "kff1": 0.0,
        "kff2": 0.0
    },
    "left_ank_roll": {
        "motor": "XC430",
        "init_pos": 3.1492626667022705,
        "default_pos": 0.0,
        "kp": 2100.0,
        "ki": 0.0,
        "kd": 0.0,
        "kff1": 0.0,
        "kff2": 0.0
    },
    "left_ank_pitch": {
        "motor": "XM430",
        "init_pos": 1.5769321918487549,
        "default_pos": -0.379457,
        "kp": 2700.0,
        "ki": 0.0,
        "kd": 0.0,
        "kff1": 0.0,
        "kff2": 0.0
    },
    "right_hip_pitch": {
        "motor": "2XC430",
        "init_pos": 4.661767482757568,
        "default_pos": -0.145689,
        "kp": 2100.0,
        "ki": 0.0,
        "kd": 0.0,
        "kff1": 0.0,
        "kff2": 0.0
    },
    "right_hip_roll": {
        "motor": "2XC430",
        "init_pos": 3.106311082839966,
        "default_pos": 0,
        "kp": 2100.0,
        "ki": 0.0,
        "kd": 0.0,
        "kff1": 0.0,
        "kff2": 0.0
    },
    "right_hip_yaw_drive": {
        "motor": "XC330",
        "init_pos": 0.9173204898834229,
        "default_pos": 0,
        "gear_ratio": 0.8571428571428571,
        "kp": 1500.0,
        "ki": 0.0,
        "kd": 0.0,
        "kff1": 0.0,
        "kff2": 0.0
    },
    "right_knee_act": {
        "motor": "XM430",
        "init_pos": 0.27765053510665894,
        "default_pos": 0.534732,
        "kp": 2700.0,
        "ki": 0.0,
        "kd": 160.0,
        "kff1": 0.0,
        "kff2": 0.0
    },
    "right_ank_roll": {
        "motor": "XC430",
        "init_pos": 3.130854845046997,
        "default_pos": 0.0,
        "kp": 2100.0,
        "ki": 0.0,
        "kd": 0.0,
        "kff1": 0.0,
        "kff2": 0.0
    },
    "right_ank_pitch": {
        "motor": "XM430",
        "init_pos": 1.5600584745407104,
        "default_pos": 0.379457,
        "kp": 2700.0,
        "ki": 0.0,
        "kd": 0.0,
        "kff1": 0.0,
        "kff2": 0.0
    },
    "left_sho_pitch": {
        "motor": "XC430",
        "init_pos": 6.283185307179586,
        "default_pos": 0.174533,
        "kp": 350.0,
        "ki": 0.0,
        "kd": 0.0,
        "kff1": 0.0,
        "kff2": 0.0
    },
    "left_sho_roll": {
        "motor": "2XL430",
        "init_pos": 3.141592653589793,
        "default_pos": -0.261799,
        "kp": 350.0,
        "ki": 0.0,
        "kd": 0.0,
        "kff1": 0.0,
        "kff2": 0.0
    },
    "left_sho_yaw_drive": {
        "motor": "2XL430",
        "init_pos": 2.5816895961761475,
        "default_pos": 1.0472,
        "kp": 700.0,
        "ki": 0.0,
        "kd": 0.0,
        "kff1": 0.0,
        "kff2": 0.0
    },
    "left_elbow_roll": {
        "motor": "2XL430",
        "init_pos": 3.141592653589793,
        "default_pos": 0.523599,
        "kp": 350.0,
        "ki": 0.0,
        "kd": 0.0,
        "kff1": 0.0,
        "kff2": 0.0
    },
    "left_elbow_yaw_drive": {
        "motor": "2XL430",
        "init_pos": 3.709165573120117,
        "default_pos": -1.0472,
        "kp": 700.0,
        "ki": 0.0,
        "kd": 0.0,
        "kff1": 0.0,
        "kff2": 0.0
    },
    "left_wrist_pitch_drive": {
        "motor": "2XL430",
        "init_pos": 2.1567769050598145,
        "default_pos": -1.309,
        "kp": 700.0,
        "ki": 0.0,
        "kd": 0.0,
        "kff1": 0.0,
        "kff2": 0.0
    },
    "left_wrist_roll": {
        "motor": "2XL430",
        "init_pos": 1.5707963267948966,
        "default_pos": 0,
        "kp": 700.0,
        "ki": 0.0,
        "kd": 0.0,
        "kff1": 0.0,
        "kff2": 0.0
    },
    "right_sho_pitch": {
        "motor": "XC430",
        "init_pos": 0.0,
        "default_pos": -0.174533,
        "kp": 350.0,
        "ki": 0.0,
        "kd": 0.0,
        "kff1": 0.0,
        "kff2": 0.0
    },
    "right_sho_roll": {
        "motor": "2XL430",
        "init_pos": 0.0,
        "default_pos": -0.261799,
        "kp": 350.0,
        "ki": 0.0,
        "kd": 0.0,
        "kff1": 0.0,
        "kff2": 0.0
    },
    "right_sho_yaw_drive": {
        "motor": "2XL430",
        "init_pos": 0.6642136573791504,
        "default_pos": -1.0472,
        "kp": 700.0,
        "ki": 0.0,
        "kd": 0.0,
        "kff1": 0.0,
        "kff2": 0.0
    },
    "right_elbow_roll": {
        "motor": "2XL430",
        "init_pos": 3.141592653589793,
        "default_pos": 0.523599,
        "kp": 350.0,
        "ki": 0.0,
        "kd": 0.0,
        "kff1": 0.0,
        "kff2": 0.0
    },
    "right_elbow_yaw_drive": {
        "motor": "2XL430",
        "init_pos": 4.296679973602295,
        "default_pos": 1.0472,
        "kp": 700.0,
        "ki": 0.0,
        "kd": 0.0,
        "kff1": 0.0,
        "kff2": 0.0
    },
    "right_wrist_pitch_drive": {
        "motor": "2XL430",
        "init_pos": 3.0234761238098145,
        "default_pos": 1.309,
        "kp": 700.0,
        "ki": 0.0,
        "kd": 0.0,
        "kff1": 0.0,
        "kff2": 0.0
    },
    "right_wrist_roll": {
        "motor": "2XL430",
        "init_pos": 1.5707963267948966,
        "default_pos": 0.0,
        "kp": 700.0,
        "ki": 0.0,
        "kd": 0.0,
        "kff1": 0.0,
        "kff2": 0.0
    }
}